isDlc,Area,BossName,IsInitializeDeadSet,NpcParamIds,BlockId,FirstEncounterFlags,BossFlags,Coords,Angle,CoordsFE,Angle,ShouldSetNight,BossBlockId
FALSE,宁姆格福,法姆·亚兹拉的兽人,FALSE,39701910,520290304,31030801:FALSE,31030800:FALSE|9233:FALSE|520330:FALSE|31035014:FALSE,-94.56|89.93|63.94|1,2.5,-94.56|89.93|63.94|1,2.5,FALSE,520290304
FALSE,宁姆格福,铃珠猎人,TRUE,31000033,1009395200,,1042380850:FALSE|1042387410:FALSE,-2.71|188.32|102.02|1,-0.87,-2.71|188.32|102.02|1,-0.87,TRUE,1009395200
FALSE,宁姆格福,黑刀刺客,FALSE,21000820,504037376,,30110800:FALSE|9203:FALSE|520030:FALSE,-171.94|177.79|23.30|1,1.47,-171.94|177.79|23.30|1,1.47,FALSE,504037376
FALSE,宁姆格福,猎犬骑士达瑞威尔,FALSE,42900010,1009525504,,1044350800:FALSE|530130:FALSE,-15.51|104.36|-112.79|1,0.8,-15.51|104.36|-112.79|1,0.8,FALSE,1009525504
FALSE,宁姆格福,熔炉骑士,FALSE,25000010,1009394944,,1042370800:FALSE|530120:FALSE,-68.52|158.16|45.94|1,-0.83,-68.52|158.16|45.94|1,-0.83,FALSE,1009394944
FALSE,宁姆格福,结晶人,FALSE,33500920,537001984,,32020800:FALSE|9262:FALSE|520620:FALSE,23.46|112.06|-3.61|1,3.13,23.46|112.06|-3.61|1,3.13,FALSE,537001984
FALSE,宁姆格福,死之鸟,TRUE,31000033,1009530112,,1042380800:FALSE|1042387400:FALSE,-43.66|1023.38|47.83|1,-2.53,-43.66|1023.38|47.83|1,-2.53,TRUE,1009530112
FALSE,宁姆格福,亚人首领们,TRUE,41200910,521076736,31150815:FALSE,31150800:FALSE|9234:FALSE|520340:FALSE,20.10|-26.18|-72.41|1,-0.02,20.10|-26.18|-72.41|1,-0.02,FALSE,521076736
FALSE,宁姆格福,归树看门犬,FALSE,42600110,503447552,,30020800:FALSE|9202:FALSE|520020:FALSE,75.57|95.04|58.05|1,-2.1,75.57|95.04|58.05|1,-2.1,FALSE,503447552
FALSE,宁姆格福,飞龙亚基尔,FALSE,45000010,1009460224,1043360340:FALSE,1043360800:FALSE|530110:FALSE,-112.19|66.72|18.52|1,-2.31,-112.19|66.72|18.52|1,-2.31,FALSE,1009460224
FALSE,宁姆格福,接肢葛瑞克,FALSE,47500014,167772160,10000801:FALSE,10000800:FALSE|10000720:FALSE|10002802:FALSE|9101:FALSE|9391:FALSE|9304:FALSE|71000:FALSE|3269:FALSE|3265:FALSE|61101:FALSE|510010:FALSE,-202.97|81.87|314.08|1,2.42,-202.97|81.87|314.08|1,2.42,FALSE,167772160
FALSE,宁姆格福,守墓斗士,FALSE,34001110,503578624,,30040800:FALSE|9204:FALSE|520040:FALSE,-0.45|46.44|71.40|1,2.49,-0.45|46.44|71.40|1,2.49,FALSE,503578624
FALSE,宁姆格福,守卫魔像,FALSE,46600910,521207808,,31170800:FALSE|9235:FALSE|520350:FALSE,70.33|-9.42|179.88|1,-0.02,70.33|-9.42|179.88|1,-0.02,FALSE,521207808
FALSE,宁姆格福,疯狂南瓜头,FALSE,43400910,1009525760,,1044360800:FALSE|76120:FALSE,17.95|80.81|51.57|1,-0.06,17.95|80.81|51.57|1,-0.06,FALSE,1009525760
FALSE,宁姆格福,恶兆妖鬼玛尔基特,TRUE,21300014,167772160,10000851:FALSE,10000850:FALSE|9100:FALSE|60510:FALSE|71001:FALSE,21.23|-7.15|-11.37|1,1.48,21.23|-7.15|-11.37|1,1.48,FALSE,167772160
FALSE,宁姆格福,黑夜骑兵,TRUE,31500010,1009460480,,1043370800:FALSE|1043377400:FALSE,53.21|89.65|-120.50|1,-2.46,53.21|89.65|-120.50|1,-2.46,TRUE,1009460480
FALSE,宁姆格福,帕奇,TRUE,523090010,520093696,31008521:FALSE|31003702:FALSE|31009210:FALSE,31000800:FALSE|9232:FALSE|400183:FALSE|400189:FALSE|520320:FALSE|3683:FALSE|3680:FALSE|31002860:FALSE|31008820:FALSE|3686:FALSE|3682:TRUE|3685:TRUE,18.52|46.98|69.51|1,-1.38,18.52|46.98|69.51|1,-1.38,FALSE,520093696
FALSE,宁姆格福,葛瑞克士兵,FALSE,43113906,301989888,,18000850:FALSE,-5.91|9.09|80.35|1,0.78,-5.91|9.09|80.35|1,0.78,FALSE,301989888
FALSE,宁姆格福,掘石山妖,FALSE,46030910,536936448,32018590:FALSE|32010801:FALSE,32010800:FALSE|9261:FALSE|520610:FALSE,50.15|-29.96|16.95|1,0.93,50.15|-29.96|16.95|1,0.93,FALSE,536936448
FALSE,宁姆格福,提比亚的唤声船,FALSE,49500032,1009592064,,1045390800:FALSE|530170:FALSE,-110.72|95.81|-20.88|1,-2.02,-110.72|95.81|-20.88|1,-2.02,FALSE,1009592064
FALSE,宁姆格福,大树守卫,FALSE,32510010,1009394688,,1042360800:FALSE|530100:FALSE,-26.75|78.72|-20.25|1,-2.91,-26.75|78.72|-20.25|1,-2.91,FALSE,1009394688
FALSE,宁姆格福,溃烂树灵,FALSE,46400950,301989888,,18000800:FALSE|9128:FALSE|510280:FALSE,12.97|-111.58|87.40|1,-0.47,12.97|-111.58|87.40|1,-0.47,FALSE,301989888
FALSE,啜泣半岛,萨米尔的古英雄,FALSE,71000012,1009393920,,1042330800:FALSE|1042337100:FALSE,-107.90|18.85|106.41|1,1.33,-107.90|18.85|106.41|1,1.33,FALSE,1009393920
FALSE,啜泣半岛,墓地影子,FALSE,36640920,503316480,,30000800:FALSE|9200:FALSE|520000:FALSE,-33.18|46.24|68.07|1,-1.57,-33.18|46.24|68.07|1,-1.57,FALSE,503316480
FALSE,啜泣半岛,死之鸟,TRUE,49800012,1009524736,,1044320800:FALSE|1044327400:FALSE,-86.94|50.65|39.10|1,0.45,-86.94|50.65|39.10|1,0.45,TRUE,1009524736
FALSE,啜泣半岛,黄金树化身,TRUE,48100012,1009459456,,1043330800:FALSE|65090:FALSE|65080:FALSE,-43.50|82.93|63.67|1,0.23,-43.50|82.93|63.67|1,0.23,FALSE,1009459456
FALSE,啜泣半岛,归树看门犬,FALSE,42600512,503382016,,30010800:FALSE|9201:FALSE|520010:FALSE,-48.33|23.44|-130.85|1,-0.51,-48.33|23.44|-130.85|1,-0.51,FALSE,503382016
FALSE,啜泣半岛,狮子混种,FALSE,34600913,1009458688,,1043300800:FALSE|9180:FALSE|510800:FALSE|76161:FALSE,-12.57|-0.00|37.03|1,-0.15,-12.57|-0.00|37.03|1,-0.15,FALSE,1009458688
FALSE,啜泣半岛,米兰达花,FALSE,44800912,520224768,,31020800:FALSE|9230:FALSE|520300:FALSE,-295.25|-28.28|-25.62|1,1.55,-295.25|-28.28|-25.62|1,1.55,FALSE,520224768
FALSE,啜泣半岛,黑夜骑兵,TRUE,31501012,1009524992,,1044320850:FALSE|1044327410:FALSE,40.03|36.12|-71.03|1,0.08,40.03|36.12|-71.03|1,0.08,TRUE,1009524992
FALSE,啜泣半岛,符文熊,FALSE,46300912,520159232,31010801:FALSE,31010800:FALSE|9231:FALSE|520310:FALSE,-149.44|-40.50|-123.33|1,1.01,-149.44|-40.50|-123.33|1,1.01,FALSE,520159232
FALSE,啜泣半岛,鳞片混种,FALSE,34510912,536870912,32000590:FALSE|32000801:FALSE,32000800:FALSE|9260:FALSE|520600:FALSE,87.80|-24.20|-55.85|1,3.1,87.80|-24.20|-55.85|1,3.1,FALSE,536870912
FALSE,湖之利耶尼亚,火焰大盗亚当,FALSE,523560020,1009394688,,1038410800:FALSE|530245:FALSE,-25.43|95.18|127.63|1,-0.24,-25.43|95.18|127.63|1,-0.24,FALSE,1009394688
FALSE,湖之利耶尼亚,黑刀首领亚勒托,FALSE,21002922,1008806400,,1033420800:FALSE|530265:FALSE,-30.77|345.36|67.15|1,2.14,-30.77|345.36|67.15|1,2.14,FALSE,1008806400
FALSE,湖之利耶尼亚,铃珠猎人,TRUE,31000042,1009069568,,1037460800:FALSE|1037467400:FALSE,-32.12|397.94|13.23|1,1.4,-32.12|397.94|13.23|1,1.4,TRUE,1009069568
FALSE,湖之利耶尼亚,黑刀刺客,FALSE,21000830,503644160,,30050850:FALSE|9221:FALSE|520210:FALSE,-220.75|411.51|17.12|1,1.45,-220.75|411.51|17.12|1,1.45,FALSE,503644160
FALSE,湖之利耶尼亚,猎犬骑士,FALSE,42900920,520421376,31050801:FALSE,31050800:FALSE|9237:FALSE|520370:FALSE,-161.65|154.66|6.04|1,0.19,-161.65|154.66|6.04|1,0.19,FALSE,520421376
FALSE,湖之利耶尼亚,卡利亚骑士波尔斯,FALSE,46010920,1008807168,,1033450800:FALSE|530250:FALSE,-27.69|243.03|-38.05|1,1.52,-27.69|243.03|-38.05|1,1.52,FALSE,1008807168
FALSE,湖之利耶尼亚,墓地影子,FALSE,36640040,503644160,,30050800:FALSE|9205:FALSE|520050:FALSE,-165.18|406.55|120.58|1,1.65,-165.18|406.55|120.58|1,1.65,FALSE,503644160
FALSE,湖之利耶尼亚,腐败骑士,FALSE,38000920,520355840,,31040800:FALSE|9236:FALSE|520360:FALSE,60.09|200.65|-165.59|1,-1.79,60.09|200.65|-165.59|1,-1.79,FALSE,520355840
FALSE,湖之利耶尼亚,结晶人双人组（枪/杖）,TRUE,33500930|33501930,520486912,,31060800:FALSE|9238:FALSE|520380:FALSE,163.71|216.60|101.76|1,-1.63,163.71|216.60|101.76|1,-1.63,FALSE,520486912
FALSE,湖之利耶尼亚,死仪鸟,TRUE,49801020,1009003776,,1036450800:FALSE|1036457400:FALSE,-35.33|237.66|-6.22|1,2.36,-35.33|237.66|-6.22|1,2.36,TRUE,1009003776
FALSE,湖之利耶尼亚,死之鸟,TRUE,49800020,1009068800,,1037420800:FALSE|1037427400:FALSE,-123.38|237.66|-120.99|1,-0.99,-123.38|237.66|-120.99|1,-0.99,TRUE,1009068800
FALSE,湖之利耶尼亚,黄金树化身（利耶尼亚西南）,TRUE,48100920,1008806656,,1033430800:FALSE|65040:FALSE|65160:FALSE,60.53|284.65|-3.74|1,2.63,60.53|284.65|-3.74|1,2.63,FALSE,1008806656
FALSE,湖之利耶尼亚,黄金树化身（利耶尼亚东北）,TRUE,48100020,1009135616,,1038480800:FALSE|65290:FALSE|65300:FALSE|65310:FALSE,20.92|409.59|-89.99|1,1.33,20.92|409.59|-89.99|1,1.33,FALSE,1009135616
FALSE,湖之利耶尼亚,归树看门犬,FALSE,42601920,503709696,,30060800:FALSE|9207:FALSE|520070:FALSE,18.78|194.62|5.14|1,-0.11,18.78|194.62|5.14|1,-0.11,FALSE,503709696
FALSE,湖之利耶尼亚,辉石龙亚杜拉,FALSE,45021922,1008937472,,1034420800:FALSE|530260:FALSE,-108.71|404.60|5.55|1,0.75,-108.71|404.60|5.55|1,0.75,FALSE,1008937472
FALSE,湖之利耶尼亚,辉石龙史玛拉格,FALSE,45020920,1008872704,,1034450800:FALSE|530210:FALSE,-28.25|237.66|8.94|1,2.63,-28.25|237.66|8.94|1,2.63,FALSE,1008872704
FALSE,湖之利耶尼亚,接肢贵公子,TRUE,46900008,167837696,10010801:FALSE,10010800:FALSE|9103:FALSE|510030:FALSE,-18.43|21.44|-35.56|1,1.39,-33.27|21.37|-87.86|1,2.92,FALSE,167837696
FALSE,湖之利耶尼亚,熔岩土龙马卡尔,TRUE,49100026,655622144,39200801:FALSE,39200800:FALSE|9126:FALSE|510260:FALSE,-42.37|351.53|-1345.61|1,1.97,-42.37|351.53|-1345.61|1,1.97,FALSE,655622144
FALSE,湖之利耶尼亚,黑夜骑兵,TRUE,31500020,1009134336,,1039430800:FALSE|1039437400:FALSE,104.96|255.77|9.40|1,-1.19,104.96|255.77|9.40|1,-1.19,TRUE,1009134336
FALSE,湖之利耶尼亚,黑夜骑兵,TRUE,31500020,1009004544,,1036480800:FALSE|1036487400:FALSE,30.83|323.72|-26.14|1,2.57,30.83|323.72|-26.14|1,2.57,TRUE,1009004544
FALSE,湖之利耶尼亚,恶兆猎人,FALSE,48200920,1008937472,,1035420800:FALSE|530225:FALSE,-91.18|281.30|-22.80|1,-1.33,-91.18|281.30|-22.80|1,-1.33,FALSE,1008937472
FALSE,湖之利耶尼亚,缟玛瑙王,FALSE,36001920,1009005056,,1036500800:FALSE|530255:FALSE,94.93|378.24|17.17|1,-1.35,94.93|378.24|17.17|1,-1.35,FALSE,1009005056
FALSE,湖之利耶尼亚,拉达冈的红狼,FALSE,31811024,234881024,14000851:FALSE,14000850:FALSE|9117:FALSE|60440:FALSE|71401:FALSE,116.19|110.49|-224.92|1,-1.51,116.19|110.49|-224.92|1,-1.51,FALSE,234881024
FALSE,湖之利耶尼亚,满月女王蕾娜菈,TRUE,20310024,234881024,14008556:FALSE|14000801:FALSE,14000800:FALSE|177:FALSE|197:FALSE|61118:FALSE|14000804:FALSE|14003915:FALSE|9118:FALSE|14000702:FALSE|14002800:FALSE,92.89|154.06|-44.76|1,1.89,92.89|154.06|-44.76|1,1.89,FALSE,234881024
FALSE,湖之利耶尼亚,王室骑士罗蕾塔,FALSE,32520921,1008939520,1035500801:FALSE,1035500800:FALSE|9181:FALSE|510810:FALSE|76232:FALSE,7.97|429.77|83.86|1,2.13,7.97|429.77|83.86|1,2.13,FALSE,1008939520
FALSE,湖之利耶尼亚,王室幽魂,FALSE,40200920,1008873472,,1034480800:FALSE,53.78|252.21|93.66|1,0.41,53.78|252.21|93.66|1,0.41,FALSE,1008873472
FALSE,湖之利耶尼亚,唤灵蜗牛,FALSE,41402920,503513088,,30030800:FALSE|9206:FALSE|520060:FALSE,80.45|193.84|-5.37|1,3.14,80.45|193.84|-5.37|1,3.14,FALSE,503513088
FALSE,湖之利耶尼亚,提比亚的唤声船,FALSE,49500010,1009199872,,1039440800:FALSE|530240:FALSE,-61.59|305.18|116.16|1,-3.14,-61.59|305.18|116.16|1,-3.14,FALSE,1009199872
FALSE,亚坛高原,古龙兰斯桑克斯,FALSE,45102030,1009332992,,1041520800:FALSE|530300:FALSE,29.88|917.92|118.46|1,-2.73,29.88|917.92|118.46|1,-2.73,FALSE,1009332992
FALSE,亚坛高原,萨米尔的古英雄,FALSE,71000030,503840768,,30080800:FALSE|9208:FALSE|520080:FALSE,302.89|742.52|18.24|1,-1.45,302.89|742.52|18.24|1,-1.45,FALSE,503840768
FALSE,亚坛高原,铃珠猎人,TRUE,31000020,1009464576,,1043530800:FALSE|1043537400:FALSE,-3.67|993.12|5.72|1,1.07,-3.67|993.12|5.72|1,1.07,TRUE,1009464576
FALSE,亚坛高原,黑刀刺客（贤者洞窟）,FALSE,21001010,521338880,,31190800:FALSE|9242:FALSE|520420:FALSE,147.91|625.75|-43.99|1,2.94,147.91|625.75|-43.99|1,2.94,FALSE,521338880
FALSE,亚坛高原,黑刀刺客（受封英雄墓地）,FALSE,21000930,1009267712,,1040520800:FALSE|530350:FALSE,100.08|885.49|6.59|1,1.59,100.08|885.49|6.59|1,1.59,FALSE,1009267712
FALSE,亚坛高原,熔炉骑士与熔炉骑士奥陶琵斯,TRUE,25001933|25000933,503971840,,30100800:FALSE|9210:FALSE|520100:FALSE,-104.09|761.76|319.38|1,3.09,-104.09|761.76|319.38|1,3.09,FALSE,503971840
FALSE,亚坛高原,结晶人双人组（枪/刃）,TRUE,33501920|33502920,537198592,32058590:FALSE|32050801:FALSE,32050800:FALSE|9265:FALSE|520650:FALSE,55.84|778.10|-14.51|1,-0.17,55.84|778.10|-14.51|1,-0.17,FALSE,537198592
FALSE,亚坛高原,亚人女王吉丽卡,FALSE,41301030,1009136384,,1038510800:FALSE,-46.99|770.80|15.10|1,-0.79,-46.99|770.80|15.10|1,-0.79,FALSE,1009136384
FALSE,亚坛高原,荆棘艾雷默,FALSE,31000931,1009202688,,1039540800:FALSE|9182:FALSE|510820:FALSE|76322:FALSE,-28.42|768.31|55.91|1,1.62,-28.42|768.31|55.91|1,1.62,FALSE,1009202688
FALSE,亚坛高原,归树看门犬,FALSE,42602932,503775232,,30070800:FALSE|9212:FALSE|520120:FALSE,-127.05|820.84|201.82|1,3.14,-127.05|820.84|201.82|1,3.14,FALSE,503775232
FALSE,亚坛高原,坠星成兽,TRUE,46801940,1009332992,,1041500800:FALSE|530310:FALSE,60.58|841.78|-99.15|1,0.36,60.58|841.78|-99.15|1,0.36,FALSE,1009332992
FALSE,亚坛高原,接肢葛孚雷,FALSE,47500030,1009201664,,1039500800:FALSE|1039507100:FALSE,-64.52|708.50|-76.21|1,0.1,-64.52|708.50|-76.21|1,0.1,FALSE,1009201664
FALSE,亚坛高原,神皮使徒,FALSE,35600030,1009399552,,1042550800:FALSE|530325:FALSE|76313:FALSE,-48.25|969.12|-23.98|1,-0.67,-48.25|969.12|-23.98|1,-0.67,FALSE,1009399552
FALSE,亚坛高原,死灵术师加利斯,FALSE,523760930,521338880,,31190850:FALSE|9249:FALSE|520490:FALSE,114.31|628.38|-69.34|1,3.08,114.31|628.38|-69.34|1,3.08,FALSE,521338880
FALSE,亚坛高原,黑夜骑兵,TRUE,31501030,1009201920,,1039510800:FALSE|1039517200:FALSE,-7.42|751.93|-52.74|1,0,-7.42|751.93|-52.74|1,0,TRUE,1009201920
FALSE,亚坛高原,恶兆猎人与病花米兰达,TRUE,44800930|48200930,521273344,,31180800:FALSE|9241:FALSE|520410:FALSE,-64.37|790.75|190.36|1,1.49,-64.37|790.75|190.36|1,1.49,FALSE,521273344
FALSE,亚坛高原,调香师特莉夏与混种战士,TRUE,34600930|37011930,504102912,,30120800:FALSE|9211:FALSE|520110:FALSE,5.51|618.64|218.61|1,-2.95,5.51|618.64|218.61|1,-2.95,FALSE,504102912
FALSE,亚坛高原,鲜血贵族,FALSE,35500930,1009267968,,1040530800:FALSE,-79.14|802.27|58.34|1,2.24,-79.14|802.27|58.34|1,2.24,FALSE,1009267968
FALSE,亚坛高原,掘石山妖,FALSE,46030930,537133056,,32040800:FALSE|9263:FALSE|520630:FALSE,-284.36|678.15|-98.27|1,0.76,-284.36|678.15|-98.27|1,0.76,FALSE,537133056
FALSE,亚坛高原,提比亚的唤声船,FALSE,49500020,1009136640,,1038520800:FALSE|530385:FALSE,36.20|792.04|-55.82|1,2.1,36.20|792.04|-55.82|1,2.1,FALSE,1009136640
FALSE,亚坛高原,大树守卫双人组,TRUE,32511030|32510030,1009398528,,1041510800:FALSE|530335:FALSE,-134.07|851.27|-40.65|1,1.26,-134.07|851.27|-40.65|1,1.26,FALSE,1009398528
FALSE,亚坛高原,虫面,FALSE,45800030,1009267968,,1041530800:FALSE|65060:FALSE|65000:FALSE,124.23|775.15|8.42|1,-1.88,124.23|775.15|8.42|1,-1.88,FALSE,1009267968
FALSE,王城外围,死之鸟,TRUE,49800033,1009530112,,1044530800:FALSE|1044537300:FALSE,-56.57|1026.71|88.77|1,-1.56,-56.57|1026.71|88.77|1,-1.56,TRUE,1009530112
FALSE,王城外围,龙装大树守卫,FALSE,32500033,1009595392,,1045520800:FALSE|9290:FALSE|530315:FALSE,40.49|1027.97|28.55|1,2.47,40.49|1027.97|28.55|1,2.47,FALSE,1009595408
FALSE,王城外围,守墓斗士,FALSE,34001133,504168448,,30130800:FALSE|9213:FALSE|520130:FALSE,27.96|954.72|65.84|1,2.07,27.96|954.72|65.84|1,2.07,FALSE,504168448
FALSE,王城外围,缟玛瑙王,FALSE,36001933,571211776,34120801:FALSE,34120800:FALSE|9264:FALSE|520640:FALSE,-51.89|711.72|-162.71|1,-0.03,-51.89|711.72|-162.71|1,-0.03,FALSE,571211776
FALSE,王城罗德尔,初始之王葛孚雷,TRUE,47200134,184549376,11000851:FALSE,11000850:FALSE|9105:FALSE|60520:FALSE,-131.37|29.86|-419.72|1,3.1,-131.37|29.86|-419.72|1,3.1,FALSE,184549376
FALSE,王城罗德尔,恶兆王蒙葛特,TRUE,21300534,184549376,11000801:FALSE,11000800:FALSE|9104:FALSE|510040:FALSE|71100:FALSE|11000501:FALSE|11000500:FALSE|11005000:FALSE|11002500:FALSE,3.53|64.98|-372.41|1,-0.6,3.53|64.98|-372.41|1,-0.6,FALSE,184549376
FALSE,王城罗德尔,恶兆双子,TRUE,21403150|21403050,571342848,34140851:FALSE,34140850:FALSE|9174:FALSE|510740:FALSE|34140865:FALSE,458.95|30.34|-228.61|1,-0.57,458.95|30.34|-228.61|1,-0.57,FALSE,571342848
FALSE,格密尔火山,铁处女双人组,TRUE,44700938|44701938,268435456,,16000860:FALSE|9129:FALSE|510290:FALSE|71606:FALSE,232.15|-132.95|-230.29|1,-0.09,232.15|-132.95|-230.29|1,-0.09,FALSE,268435456
FALSE,格密尔火山,亚人女王玛姬,FALSE,41300032,1009071104,,1037530800:FALSE|60450:FALSE,50.11|906.26|117.37|1,2.15,50.11|906.26|117.37|1,2.15,FALSE,1009071104
FALSE,格密尔火山,亚人女王玛尔戈,FALSE,41301932,520683520,,31090800:FALSE|9240:FALSE|520400:FALSE,-91.80|1013.21|-74.38|1,-1.67,-91.80|1013.21|-74.38|1,-1.67,FALSE,520683520
FALSE,格密尔火山,成年坠星成兽,TRUE,46800032,1009006080,,1036540800:FALSE,69.47|1058.17|-63.02|1,-2.37,69.47|1058.17|-63.02|1,-2.37,FALSE,1009006080
FALSE,格密尔火山,腐败眷属双人组,TRUE,38100932|38102932,520552448,,31070800:FALSE|9239:FALSE|520390:FALSE,-149.20|719.13|245.70|1,-1.9,-149.20|719.13|245.70|1,-1.9,FALSE,520552448
FALSE,格密尔火山,熔岩土龙,FALSE,49100032,1008940288,,1035530800:FALSE|530390:FALSE,-8.92|823.91|-1.81|1,-0.21,-8.92|823.91|-1.81|1,-0.21,FALSE,1008940288
FALSE,格密尔火山,冠军红狼,FALSE,31811032,503906304,,30090800:FALSE|9209:FALSE|520090:FALSE,-142.97|646.55|52.91|1,2.91,-142.97|646.55|52.91|1,2.91,FALSE,503906304
FALSE,格密尔火山,溃烂树灵,FALSE,46400007,1009071616,,1037540810:FALSE|65180:FALSE|65250:FALSE,-116.45|887.61|-58.36|1,-1.31,-116.45|887.61|-58.36|1,-1.31,FALSE,1009071616
FALSE,盖利德,战斗法师休,FALSE,37040940,1009854208,,1049390850:FALSE|1049397850:FALSE,-87.03|164.37|24.84|1,0.33,-87.03|164.37|24.84|1,0.33,FALSE,1009854208
FALSE,盖利德,墓地影子,FALSE,36640012,504299520,,30150800:FALSE|9215:FALSE|520150:FALSE,108.59|24.52|237.53|1,-2.38,108.59|24.52|237.53|1,-2.38,FALSE,504299520
FALSE,盖利德,腐败骑士双人组,TRUE,38001940|38000940,521404416,,31200800:FALSE|9245:FALSE|520450:FALSE,171.09|86.76|127.45|1,-2.77,171.09|86.76|127.45|1,-2.77,FALSE,521404416
FALSE,盖利德,老将欧尼尔,FALSE,30500140,1009853952,,1049380800:FALSE|530405:FALSE|76412:FALSE,-49.99|64.31|84.61|1,-0.62,-49.99|64.31|84.61|1,-0.62,FALSE,1009853952
FALSE,盖利德,熔炉骑士与混种战士,TRUE,25000941|34600941,1009984512,,1051360800:FALSE|9183:FALSE|510830:FALSE|76419:FALSE,80.99|91.84|-15.60|1,3.12,80.99|91.84|-15.60|1,3.12,FALSE,1009984512
FALSE,盖利德,死仪鸟,TRUE,49801040,1009853696,,1049370850:FALSE|1049377110:FALSE,46.18|92.86|31.70|1,-1.09,46.18|92.86|31.70|1,-1.09,TRUE,1009853696
FALSE,盖利德,腐败艾格基斯,FALSE,45010040,1009788160,,1048370800:FALSE|530400:FALSE,-79.86|114.67|2.53|1,-0.64,-79.86|114.67|2.53|1,-0.64,FALSE,1009788160
FALSE,盖利德,归树看门犬双人组,TRUE,42601940|42600940,504233984,,30140800:FALSE|9214:FALSE|520140:FALSE,-126.46|73.52|-8.38|1,0.02,-126.46|73.52|-8.38|1,0.02,FALSE,504233984
FALSE,盖利德,坠星成兽,TRUE,46801930,537395200,,32080800:FALSE|9267:FALSE|520670:FALSE,-42.26|124.56|244.99|1,1.38,-42.26|124.56|244.99|1,1.38,FALSE,537395200
FALSE,盖利德,发狂斗士,FALSE,34000940,521469952,31210801:FALSE,31210800:FALSE|9243:FALSE|520430:FALSE,-129.57|43.84|73.57|1,0.97,-129.57|43.84|73.57|1,0.97,FALSE,521469952
FALSE,盖利德,疯狂南瓜头双人组,TRUE,43400940|43401940,1009788928,,1048400800:FALSE,-114.74|138.42|-109.37|1,3.1,-114.74|138.42|-109.37|1,3.1,FALSE,1009788928
FALSE,盖利德,熔岩土龙,FALSE,49100940,537329664,,32070800:FALSE|9266:FALSE|520660:FALSE,-13.10|90.89|129.11|1,2.8,-13.10|90.89|129.11|1,2.8,FALSE,537329664
FALSE,盖利德,黑夜骑兵,TRUE,31501040,1009788160,,1049370800:FALSE|1049377100:FALSE,74.54|113.70|-55.36|1,-2.75,74.54|113.70|-55.36|1,-2.75,TRUE,1009788160
FALSE,盖利德,诺克斯剑士与诺克斯僧侣,TRUE,33001940|33000940,1009854208,,1049390800:FALSE|1049397800:FALSE|76415:FALSE,96.34|83.07|60.64|1,-3.13,96.34|83.07|60.64|1,-3.13,FALSE,1009854208
FALSE,盖利德,腐败化身,TRUE,48110040,1009723648,,1047400800:FALSE|65100:FALSE|65280:FALSE,-95.93|127.66|-123.08|1,0.25,-95.93|127.66|-123.08|1,0.25,FALSE,1009723392|1009657856
FALSE,盖利德,碎星将军拉塔恩,TRUE,47300040,1009984768,1252380801:FALSE,1252380800:FALSE|1252382810:FALSE|9411:TRUE|3613:FALSE|3668:FALSE|76422:FALSE|9412:FALSE|9130:FALSE|510300:FALSE,65.75|0.75|-76.10|1,-2.95,65.75|0.75|-76.10|1,-2.95,FALSE,1010050560|1010050816|1009985280|1009985536|1010051072|504365056|1009985024|1009919232|1009919488|1010115840|1010116096|1010116352
FALSE,火山官邸,神皮贵族,TRUE,35700038,268435456,16000851:FALSE,16000850:FALSE|9121:FALSE|510210:FALSE|71601:FALSE,15.61|6.54|-189.56|1,-1.21,15.61|6.54|-189.56|1,-1.21,FALSE,268435456
FALSE,火山官邸,亵渎君王拉卡德,TRUE,47101038,268435456,16000801:FALSE,16000800:FALSE|9122:FALSE|510220:FALSE|71600:FALSE|3109:FALSE|3110:FALSE|3111:FALSE,97.29|-439.51|-34.83|1,0.02,97.29|-439.51|-34.83|1,0.02,FALSE,268435456
FALSE,盖利德龙墓,法姆·亚兹拉的兽人双人组,TRUE,39701942|39702942,520749056,31100801:FALSE,31100800:FALSE|9244:FALSE|520440:FALSE,31.64|125.32|52.56|1,-0.08,31.64|125.32|52.56|1,-0.08,FALSE,520749056
FALSE,盖利德龙墓,铃珠猎人,TRUE,31000010,1009789184,,1048410800:FALSE|1048417800:FALSE,-86.98|226.50|-89.11|1,0.88,-86.98|226.50|-89.11|1,0.88,TRUE,1009789184
FALSE,盖利德龙墓,黑剑眷属,FALSE,47700250,1009986304,,1051430800:FALSE|530425:FALSE,-21.53|343.24|-10.93|1,-0.82,-21.53|343.24|-10.93|1,-0.82,FALSE,1009986304
FALSE,盖利德龙墓,飞龙格雷尔,FALSE,45000042,1009986048,,1052410800:FALSE|530420:FALSE,127.70|257.88|45.54|1,-0.08,127.70|257.88|45.54|1,-0.08,FALSE,1009986048
FALSE,盖利德龙墓,神皮使徒,FALSE,35600042,571277312,,34130800:FALSE|9173:FALSE|510730:FALSE,77.47|37.08|-59.88|1,0,77.47|37.08|-59.88|1,0,FALSE,571277312
FALSE,盖利德龙墓,黑夜骑兵,TRUE,31500042,1010051328,,1052410850:FALSE|1052417100:FALSE,17.34|219.01|37.85|1,3.03,17.34|219.01|37.85|1,3.03,TRUE,1010051328
FALSE,盖利德龙墓,腐败化身,TRUE,48110042,1009985536,,1051400800:FALSE|65110:FALSE|65260:FALSE,32.29|213.72|51.83|1,-2.79,32.29|213.72|51.83|1,-2.79,FALSE,1009985536
FALSE,盖利德龙墓,腐败结晶人三人组,TRUE,33500940|33501940|33502940,520814592,,31110800:FALSE|9246:FALSE|520460:FALSE,-128.02|127.51|151.03|1,0.59,-128.02|127.51|151.03|1,0.59,FALSE,520814592
FALSE,盖利德龙墓,腐败树灵,FALSE,46400942,504365056,,30160800:FALSE|9216:FALSE|520160:FALSE,-97.60|-24.92|-89.66|1,1.55,-97.60|-24.92|-89.66|1,1.55,FALSE,504365056
FALSE,禁域,黑剑眷属,FALSE,47701242,1009857536,,1049520800:FALSE|530505:FALSE,-23.33|1043.93|6.50|1,-3.12,-23.33|1043.93|6.50|1,-3.12,FALSE,1009857536
FALSE,禁域,黑夜骑兵,TRUE,31500050,1009791744,,1048510800:FALSE|1048517700:FALSE,-113.47|977.08|59.23|1,-1.04,-113.47|977.08|59.23|1,-1.04,TRUE,1009791744
FALSE,禁域,流浪仿身泪滴,FALSE,526100052,504627200,,30200800:FALSE|9220:FALSE|520200:FALSE,-89.00|1278.72|-240.31|1,0.01,-89.00|1278.72|-240.31|1,0.01,FALSE,504627200
FALSE,巨人山顶,萨米尔的古英雄,FALSE,71000950,504430592,,30170800:FALSE|9217:FALSE|520170:FALSE,-34.94|1452.02|-35.88|1,-1.84,-34.94|1452.02|-35.88|1,-1.84,FALSE,504430592
FALSE,巨人山顶,冻雾玻列琉斯,FALSE,45030050,1010120960,,1254560800:FALSE|530510:FALSE,21.16|1620.18|37.46|1,-0.93,21.16|1620.18|37.46|1,-0.93,FALSE,1010120960
FALSE,巨人山顶,老将尼奥,FALSE,30500051,1009989888,1051570801:FALSE,1051570800:FALSE|9184:FALSE|510840:FALSE|76524:FALSE,89.19|1632.02|175.78|1,2.79,89.19|1632.02|175.78|1,2.79,FALSE,1009989888
FALSE,巨人山顶,死仪鸟,TRUE,49801050,1009924352,,1050570800:FALSE|530530:FALSE,108.95|1635.57|-39.12|1,0.88,108.95|1635.57|-39.12|1,0.88,TRUE,1009924352
FALSE,巨人山顶,黄金树化身,TRUE,48100150,1010055168,,1052560800:FALSE|65050:FALSE|65070:FALSE,-12.95|1679.50|104.34|1,0.73,-12.95|1679.50|104.34|1,0.73,FALSE,1010055168
FALSE,巨人山顶,火焰巨人,TRUE,47601050,1010054400,1252520801:FALSE|1252520804:FALSE|1052522810:FALSE,1252520800:FALSE|9131:FALSE|510310:FALSE|76509:FALSE,17.79|1809.41|-14.41|1,-0.79,17.79|1809.41|-14.41|1,-0.79,FALSE,1010054400
FALSE,巨人山顶,圆桌骑士维克,FALSE,523040050,1010120704,,1053560800:FALSE|530515:FALSE,-44.75|1667.17|-92.46|1,-2.12,-44.75|1667.17|-92.46|1,-2.12,FALSE,1010120704
FALSE,巨人山顶,唤灵蜗牛（神皮）,FALSE,41402950,521535488,,31220800:FALSE|9248:FALSE|520480:FALSE,-51.90|1579.07|-100.50|1,-0.03,-51.90|1579.07|-100.50|1,-0.03,FALSE,521535488
FALSE,巨人山顶,溃烂树灵,FALSE,46400032,504496128,,30180800:FALSE|9218:FALSE|520180:FALSE,-103.34|1477.71|157.60|1,1.32,-103.34|1477.71|157.60|1,1.32,FALSE,504496128
FALSE,化圣雪原,暗黑繁星艾丝缇,FALSE,46200952,537591808,32110590:FALSE|32110801:FALSE,32110800:FALSE|9268:FALSE|520680:FALSE,49.54|1207.97|68.18|1,-2.99,49.54|1207.97|68.18|1,-2.99,FALSE,537591808
FALSE,化圣雪原,死仪鸟,TRUE,49801052,1009793280,,1048570800:FALSE|1048577700:FALSE,-32.51|1261.99|100.60|1,1.99,-32.51|1261.99|100.60|1,1.99,TRUE,1009793280
FALSE,化圣雪原,大土龙忒欧多力克斯,FALSE,49110052,1009924096,,1050560800:FALSE|530550:FALSE,-53.30|1255.08|-10.44|1,-1.73,-53.30|1255.08|-10.44|1,-1.73,FALSE,1009924096
FALSE,化圣雪原,混种圣骑士,FALSE,34601952,520880128,,31120800:FALSE|9247:FALSE|520470:FALSE,-26.85|1194.36|94.62|1,-2.44,-26.85|1194.36|94.62|1,-2.44,FALSE,520880128
FALSE,化圣雪原,黑夜骑兵双人组,TRUE,31501052|31500052,1009792768,,1248550800:FALSE|1048557710:FALSE,93.41|1266.51|80.82|1,-0.01,93.41|1266.51|80.82|1,-0.01,TRUE,1009792768
FALSE,化圣雪原,腐败化身,TRUE,48110052,1009924352,,1050570850:FALSE|65130:FALSE|65170:FALSE,-92.51|1386.87|-99.69|1,-3,-92.51|1386.87|-99.69|1,-3,FALSE,1009924352
FALSE,化圣雪原,腐败守墓斗士,FALSE,34000952,504561664,,30190800:FALSE|9219:FALSE|520190:FALSE,44.98|1375.02|-154.33|1,-1.22,44.98|1375.02|-154.33|1,-1.22,FALSE,504561664
FALSE,蒙格温王朝,鲜血君王蒙格,FALSE,48000068,201654272,12050801:FALSE,12050800:FALSE|9112:FALSE|510120:FALSE|71250:FALSE|12050700:FALSE|12050750:FALSE|12059261:FALSE|4440:FALSE|4445:FALSE,1614.64|-505.78|1205.17|1,1.98,1614.64|-505.78|1205.17|1,1.98,FALSE,201654272
FALSE,米凯拉的圣树,圣树骑士罗蕾塔,TRUE,32520054,251658240,15000851:FALSE,15000850:FALSE|9119:FALSE|510190:FALSE|71505:FALSE,141.56|431.78|213.93|1,-2.34,141.56|431.78|213.93|1,-2.34,FALSE,251658240
FALSE,米凯拉的圣树,米凯拉的锋刃 玛莲妮亚,TRUE,21200056|21202056,251658240,15000801:FALSE,15000800:FALSE|9120:FALSE|510200:FALSE|71500:FALSE,45.99|54.64|520.38|1,0.92,45.99|54.64|520.38|1,0.92,FALSE,251658240
FALSE,希芙拉河,祖灵,TRUE,46700964,201850880,,12080800:FALSE|12082800:FALSE|9132:FALSE|510320:FALSE|12085005:FALSE,1432.25|-1735.82|1052.02|1,-1.57,1432.25|-1735.82|1052.02|1,-1.57,FALSE,201850880
FALSE,希芙拉河,龙人士兵,TRUE,46500265,201457664,,12020830:FALSE|530620:FALSE,1258.61|-748.32|1662.64|1,2.81,1258.61|-748.32|1662.64|1,2.81,FALSE,201457664
FALSE,安瑟尔河,诺克史黛拉的龙人士兵,TRUE,46500262|46500960,201392128,12010801:FALSE,12010800:FALSE|9109:FALSE|510090:FALSE|71210:FALSE,-87.05|-224.35|45.98|1,2.47,-87.05|-224.35|45.98|1,2.47,FALSE,201392128
FALSE,永恒之城诺克隆恩,仿身泪滴,FALSE,526100965,201457664,12020851:FALSE,12020850:FALSE|9134:FALSE|71221:FALSE,961.53|-617.44|1166.31|1,-1.05,961.53|-617.44|1166.31|1,-1.05,FALSE,201457664
FALSE,永恒之城诺克隆恩,祖灵之王,TRUE,46700065,201916416,,12090800:FALSE|9133:FALSE|510330:FALSE,1217.28|-1538.17|1814.91|1,2.68,1217.28|-1538.17|1814.91|1,2.68,FALSE,201916416
FALSE,永恒之城诺克隆恩,英勇石像鬼,TRUE,47700165|47701165,201457664,12020801:FALSE,12020800:FALSE|9110:FALSE|510100:FALSE|71220:FALSE,1311.76|-618.70|1871.87|1,2.19,1311.76|-618.70|1871.87|1,2.19,FALSE,201457664
FALSE,深根底层,熔炉骑士希鲁莉亚,FALSE,25001066,201523200,,12030390:FALSE|12037950:FALSE,-857.50|93.01|-339.41|1,2.17,-857.50|93.01|-339.41|1,2.17,FALSE,201523200
FALSE,深根底层,菲雅的英雄们,FALSE,523610066,201523200,12030801:FALSE,12030800:FALSE|9135:FALSE|510350:FALSE|71230:FALSE|4138:FALSE|4139:FALSE|4128:FALSE,-475.30|149.39|-329.01|1,-2.69,-475.30|149.39|-329.01|1,-2.69,FALSE,201523200
FALSE,深根底层,死龙弗尔桑克斯,FALSE,45110066,201523200,,12030850:FALSE|9111:FALSE|510110:FALSE|4130:TRUE|4131:FALSE,-475.30|149.39|-329.01|1,-2.69,-475.30|149.39|-329.01|1,-2.69,FALSE,201523200
FALSE,腐败湖,黑暗弃子艾丝缇,FALSE,46200062,201588736,,12040800:FALSE|9108:FALSE|510080:FALSE|71240:FALSE,-103.14|-106.09|-245.48|1,3.03,-103.14|-106.09|-245.48|1,3.03,FALSE,201588736
FALSE,腐败湖,龙人士兵,TRUE,46500262,201392128,,12010850:FALSE,-155.06|-316.16|-301.71|1,1.28,-155.06|-316.16|-301.71|1,1.28,FALSE,201392128
FALSE,崩坏法姆·亚兹拉,龙王普拉顿桑克斯,FALSE,45200072,218103808,,13000830:FALSE|9115:FALSE|510150:FALSE|71301:FALSE,53.68|-186.71|405.86|1,0.14,53.68|-186.71|405.86|1,0.14,FALSE,218103808
FALSE,崩坏法姆·亚兹拉,神皮双人组,FALSE,35600972,218103808,13000851:FALSE,13000850:FALSE|9114:FALSE|510140:FALSE|71302:FALSE,-0.33|-38.98|388.31|1,2.93,-0.33|-38.98|388.31|1,2.93,FALSE,218103808
FALSE,崩坏法姆·亚兹拉,黑剑玛利喀斯,TRUE,21101072,218103808,13000801:FALSE,13000800:FALSE|13003700:FALSE|13002805:FALSE|9365:FALSE|13009205:FALSE|13002120:FALSE|9116:FALSE|510160:FALSE|71300:FALSE,132.56|-32.80|394.95|1,-1.22,132.56|-32.80|394.95|1,-1.22,FALSE,218103808
FALSE,地下忌讳弃置场,鲜血祭司艾斯卡,FALSE,523860000,587202560,,35000850:FALSE|9222:FALSE|520220:FALSE,-183.41|-153.54|-286.83|1,0.78,-183.41|-153.54|-286.83|1,0.78,FALSE,587202560
FALSE,地下忌讳弃置场,恶兆妖鬼蒙格,FALSE,48001935,587202560,35000801:FALSE,35000800:FALSE|9125:FALSE|510250:FALSE|73500:FALSE,38.09|-298.70|-101.40|1,-2.08,38.09|-298.70|-101.40|1,-2.08,FALSE,587202560
FALSE,灰烬王城罗德尔,拉达冈与艾尔登之兽,TRUE,22000078,318767104,,19000800:FALSE|9123:FALSE|510230:FALSE|19002810:FALSE|19001100:FALSE|19000804:FALSE|19005014:FALSE|19005013:FALSE|19005011:FALSE|19005000:FALSE|19002800:FALSE|71900:FALSE,84.41|79.07|-478.42|1,-0.62,84.41|79.07|-478.42|1,-0.62,FALSE,318767104
FALSE,灰烬王城罗德尔,战士荷莱·露,TRUE,47210070,184877056,11050801:FALSE,11050800:FALSE|9107:FALSE|510070:FALSE|71120:FALSE,4.10|64.98|-372.18|1,-0.73,4.10|64.98|-372.18|1,-0.73,FALSE,184877056
FALSE,灰烬王城罗德尔,百智爵士基甸·奥夫尼尔,TRUE,523240070,184877056,11050851:FALSE,11050850:FALSE|9106:FALSE|510060:FALSE|71121:FALSE,-182.57|29.87|-386.47|1,-1.57,-182.57|29.87|-386.47|1,-1.57,FALSE,184877056
TRUE,墓地平原,黑牢骑士,TRUE,524240080,1026435328,,2046410800:FALSE|530820:FALSE,-152.02|317.66|54.72|1,1.67,-152.02|317.66|54.72|1,1.67,FALSE,1026435328
TRUE,墓地平原,血怪首领,TRUE,50810990,721420288,,43000800:FALSE|9280:FALSE|520800:FALSE,110.03|117.20|124.93|1,-1.52,110.03|117.20|124.93|1,-1.52,FALSE,721420288
TRUE,墓地平原,亚人剑圣翁兹,TRUE,58100980,687865856,,41000800:FALSE|9275:FALSE|520750:FALSE,-184.60|79.29|-170.69|1,-0.46,-184.60|79.29|-170.69|1,-0.46,FALSE,687865856
TRUE,墓地平原,神兽舞狮,TRUE,52100088,335544320,20000544:FALSE|20000801:FALSE,20000800:FALSE|9140:FALSE|510400:FALSE|72000:FALSE,-57.96|118.12|286.23|1,-2.86,-57.96|118.12|286.23|1,-2.86,FALSE,335544320
TRUE,墓地平原,灵火龙,TRUE,58600080,1026435840,2045440820:FALSE,2045440800:FALSE|530860:FALSE|530861:FALSE,-121.97|267.82|82.60|1,2.33,-121.97|267.82|82.60|1,2.33,FALSE,1026435840
TRUE,墓地平原,哀叹者,TRUE,524270084,687996928,,41020800:FALSE|9277:FALSE|520770:FALSE,131.76|20.81|8.27|1,-0.96,131.76|20.81|8.27|1,-0.96,FALSE,687996928
TRUE,墓地平原,双月骑士蕾菈娜,TRUE,53000082,1026567168,,2048440800:FALSE|9190:FALSE|510900:FALSE|76823:FALSE,-58.12|427.01|14.26|1,-3.14,-58.12|427.01|14.26|1,-3.14,FALSE,1026567168
TRUE,墓地平原,红熊,TRUE,524210095,1026436352,,2046450800:FALSE|530900:FALSE,98.24|395.92|-62.70|1,-0.62,98.24|395.92|-62.70|1,-0.62,FALSE,1026436352
TRUE,幽影亚坛,黑骑士艾德雷德,TRUE,58400690,1026632448,,2049430850:FALSE,51.52|396.48|-82.79|1,-0.87,51.52|396.48|-82.79|1,-0.87,FALSE,1026632448
TRUE,幽影亚坛,黑骑士加鲁,TRUE,58400590,1026501888,,2047450800:FALSE,-32.66|354.07|-120.69|1,0.72,-32.66|354.07|-120.69|1,0.72,FALSE,1026501888
TRUE,幽影亚坛,指挥官盖乌斯,TRUE,50000092,1026633728,2049480801:FALSE,2049480800:FALSE|9164:FALSE|510640:FALSE|76930:FALSE,47.49|583.85|-48.13|1,-2.63,47.49|583.85|-48.13|1,-2.63,FALSE,1026633984
TRUE,幽影亚坛,指头之母约蜜尔伯爵,TRUE,524200190,1026764032,,2051450800:FALSE|400664:FALSE,-90.98|472.02|38.30|1,0.02,-90.98|472.02|38.30|1,0.02,FALSE,1026764032
TRUE,幽影亚坛,咒剑士拉比利斯,TRUE,50400190,687931392,,41010800:FALSE|9276:FALSE|520760:FALSE,-173.37|191.35|70.14|1,2.17,-173.37|191.35|70.14|1,2.17,FALSE,687931392
TRUE,幽影亚坛,死亡骑士（双斧）,TRUE,50700081,671088640,,40000800:FALSE|9270:FALSE|520700:FALSE,-397.88|114.01|-34.10|1,1.39,-397.88|114.01|-34.10|1,1.39,FALSE,671088640
TRUE,幽影亚坛,干叶丹恩,TRUE,524250190,1026632704,,2049440800:FALSE|400730:FALSE|2049449211:FALSE|4909:FALSE|2049442703:FALSE,-54.73|351.25|119.46|1,-1.09,-54.73|351.25|119.46|1,-1.09,FALSE,1026632704
TRUE,幽影亚坛,灵火龙,TRUE,58600090,1026632448,,2049430800:FALSE|530945:FALSE,-22.68|405.52|77.27|1,-2.96,-22.68|405.52|77.27|1,-2.96,FALSE,1026632448
TRUE,幽影亚坛,黄金河马,TRUE,50100098,352321536,,21000850:FALSE|9144:FALSE|510440:FALSE,62.09|157.06|107.72|1,-2.68,62.09|157.06|107.72|1,-2.68,FALSE,352321536
TRUE,幽影亚坛,穿刺者梅瑟莫,TRUE,51301099,352387072,21018542:FALSE|21010801:FALSE,21010800:FALSE|9146:FALSE|510460:FALSE|72110:FALSE,97.11|351.76|318.32|1,2.86,97.11|351.76|318.32|1,2.86,FALSE,352387072
TRUE,幽影亚坛,指头之母梅蒂尔,TRUE,52000097,1026764288,,25000800:FALSE|9155:FALSE|510550:FALSE|72500:FALSE,-103.69|423.23|-109.00|1,2.87,-103.69|423.23|-109.00|1,2.87,FALSE,419430400
TRUE,幽影亚坛,罗刹,TRUE,524230091,1026763776,,2051440800:FALSE|530830:FALSE,-13.03|162.91|78.79|1,-2.35,-13.03|162.91|78.79|1,-2.35,FALSE,1026763776
TRUE,幽影亚坛,伟大红熊拉尔瓦,TRUE,58200990,1026633216,,2049450800:FALSE|530930:FALSE,36.31|405.90|-99.81|1,-0.51,36.31|405.90|-99.81|1,-0.51,FALSE,1026633216
TRUE,幽影亚坛,大树守卫（盾）,TRUE,62510093,1026699008,,2050480860:FALSE|530950:FALSE,-48.11|553.42|109.64|1,-2.02,-48.11|553.42|109.64|1,-2.02,FALSE,1026699008
TRUE,幽影亚坛,大树守卫（火把）,TRUE,62511093,1026699008,,2050470800:FALSE|530935:FALSE,-48.11|553.42|109.64|1,-2.02,-48.11|553.42|109.64|1,-2.02,FALSE,1026699008
TRUE,劳弗遗迹,死亡骑士（长柄斧）,TRUE,50701095,671154176,,40010800:FALSE|9271:FALSE|520710:FALSE|520711:FALSE,168.46|150.02|-117.10|1,-0.68,168.46|150.02|-117.10|1,-0.68,FALSE,671154176
TRUE,劳弗遗迹,神兽舞狮,TRUE,52100094,1026436608,,2046460800:FALSE|530940:FALSE,-74.51|533.80|11.26|1,-0.37,-74.51|533.80|11.26|1,-0.37,FALSE,1026436608
TRUE,劳弗遗迹,花蕾圣女萝蜜娜,TRUE,50300094,1026305536,,2044450800:FALSE|9160:FALSE|510600:FALSE|76945:FALSE,-46.26|625.38|-77.72|1,0.26,-46.26|625.38|-77.72|1,0.26,FALSE,1026305536
TRUE,劳弗遗迹,伟大红熊鲁加雷亚,TRUE,58200095,1026305792,,2044470800:FALSE|2044477010:FALSE,0.24|314.77|108.36|1,1.54,-0.70|328.21|-122.58|1,0.83,FALSE,1026306048
TRUE,蔚蓝海岸,拉娜舞娘,TRUE,524220083,1026434560,,2046380800:FALSE|530810:FALSE,-23.15|8.46|-75.44|1,0.06,-23.15|8.46|-75.44|1,0.06,FALSE,1026434560
TRUE,蔚蓝海岸,灵火龙,TRUE,58600083,1026565632,2048380870:FALSE,2048380850:FALSE|530840:FALSE,-91.86|23.02|85.73|1,0.09,-91.86|23.02|85.73|1,0.09,FALSE,1026565632
TRUE,蔚蓝海岸,腐败骑士,TRUE,50200087,369098752,22000802:FALSE,22000800:FALSE|9148:FALSE|510480:FALSE|72200:FALSE,-53.10|221.70|140.04|1,0.44,-53.10|221.70|140.04|1,0.44,FALSE,369098752
TRUE,卡罗隐墓,死仪鸟,TRUE,62601084,1026500352,,2047390800:FALSE|530855:FALSE,40.23|86.82|31.96|1,-2.38,40.23|86.82|31.96|1,-2.38,TRUE,1026565888
TRUE,卡罗隐墓,亚人女王玛莉戈,TRUE,57300083,1026435072,,2046400800:FALSE|530845:FALSE,7.06|20.09|-50.19|1,2,7.06|20.09|-50.19|1,2,FALSE,1026435072
TRUE,尖刺山,古龙人,TRUE,524070081,721485824,,43010800:FALSE|9281:FALSE|520810:FALSE|43018540:FALSE,33.89|94.09|29.35|1,-0.2,33.89|94.09|29.35|1,-0.2,FALSE,721485824
TRUE,尖刺山,古龙瑟涅桑克斯,TRUE,53701185,1026959104,,2054390850:FALSE|2053397000:FALSE,-42.69|518.85|78.03,0.51,-42.69|518.85|78.03,0.51,FALSE,1026893568
TRUE,尖刺山,狂龙贝勒,TRUE,51200085,1026959104,2054390801:FALSE,2054390800:FALSE|9163:FALSE|510630:FALSE,75.72|955.06|84.12|1,-0.76,75.72|955.06|84.12|1,-0.76,FALSE,1026959104
TRUE,尖刺山,尖刺山飞龙,TRUE,55800084,1026631936,,2049410800:FALSE|530850:FALSE,2.77|70.53|-94.80|1,-1.38,2.77|70.53|-94.80|1,-1.38,FALSE,1026631936
TRUE,尖刺山,尖刺山飞龙（双人遭遇）,TRUE,55800985|55800085,1026828288,,2052400800:FALSE|530800:FALSE|4267:FALSE,-110.95|295.58|19.80|1,-0.52,-110.95|295.58|19.80|1,-0.52,FALSE,1026762752
TRUE,深邃森林,老审判官约里,TRUE,53120086,671219712,,2052430800:FALSE|9161:FALSE|510610:FALSE|76862:FALSE,196.65|-507.98|114.71|1,0.2,196.65|-507.98|114.71|1,0.2,FALSE,1026829056
TRUE,深邃森林,癫火之王米德拉,TRUE,50510086,469762048,28000801:FALSE|28009212:FALSE,28000800:FALSE|9156:FALSE|510560:FALSE|72800:FALSE,-7.27|16.12|-58.36|1,0.19,-7.27|16.12|-58.36|1,0.19,FALSE,469762048
TRUE,幽影眺望地,坠星成兽,TRUE,63101093,1026830336,,2052480800:FALSE|530960:FALSE,49.97|479.80|76.89|1,2.87,49.97|479.80|76.89|1,2.87,FALSE,1026830592
TRUE,幽影眺望地,幽影树化身,TRUE,52300096,352321536,2050480801:FALSE,2050480800:FALSE|9162:FALSE|510620:FALSE|76960:FALSE,382.80|-239.50|420.62|1,-2.76,382.80|-239.50|420.62|1,-2.76,FALSE,1026699264
TRUE,艾尼伊利姆,约定之王拉塔恩,TRUE,52201089,335609856,20010801:FALSE,20010800:FALSE|9143:FALSE|510430:FALSE|72010:FALSE|20010199:FALSE|20012199:FALSE|20017981:FALSE|128:FALSE,-201.73|298.91|-186.25|1,2,-201.73|298.91|-186.25|1,2,FALSE,335609856
